{"IcoMoonType":"selection","icons":[{"icon":{"paths":["M672 128c44.473 0 89.254 17.254 123 51 67.492 67.492 67.492 177.508 0 245l-300 300c-39.877 39.83-105.148 39.852-145 0-39.83-39.877-39.852-105.148 0-145l275-275 45 45-275 275c-15.381 15.381-15.402 39.58 0 55 15.381 15.381 39.58 15.402 55 0l300-300c43.035-43.035 43.035-111.965 0-155s-111.965-43.035-155 0l-300 300c-70.648 70.648-70.656 184.316 0 255 70.648 70.648 184.316 70.656 255 0l200-200 45 45-200 200c-95.141 95.104-249.888 95.111-345 0-95.104-95.141-95.111-249.888 0-345l300-300c33.746-33.746 77.527-51 122-51z"],"isMulticolor":false,"isMulticolor2":false,"tags":["paperclip"],"defaultCode":62122,"grid":0,"attrs":[]},"attrs":[],"properties":{"id":174,"order":2,"ligatures":"","prevSize":32,"code":62122,"name":"paperclip"},"setIdx":0,"setId":0,"iconIdx":173}],"height":1024,"metadata":{"name":"icomoon"},"preferences":{"showGlyphs":true,"showCodes":true,"showQuickUse":true,"showQuickUse2":true,"showSVGs":true,"fontPref":{"prefix":"icon-","metadata":{"fontFamily":"icomoon"},"metrics":{"emSize":1024,"baseline":12.5,"whitespace":39.0625},"embed":false},"imagePref":{"prefix":"icon-","png":true,"useClassSelector":true,"color":0,"bgColor":16777215},"historySize":50,"gridSize":16}}